{
    "a": 0.08517350157728706,
    "b": 0.015839050539365997,
    "c": 0.03955350643047804,
    "d": 0.04343605920892987,
    "e": 0.1251240872691977,
    "f": 0.022699697778562133,
    "g": 0.024530674372945666,
    "h": 0.04131830314795615,
    "i": 0.07758487569213121,
    "j": 0.0018530365533520107,
    "k": 0.004632591383380027,
    "l": 0.045686175023714456,
    "m": 0.03337671791930467,
    "n": 0.06717257505901039,
    "o": 0.06117226621958483,
    "p": 0.022765877655467563,
    "q": 0.0005294390152434317,
    "r": 0.07725397630760407,
    "s": 0.06463567977763561,
    "t": 0.08323222518806116,
    "u": 0.025633672321369483,
    "v": 0.008537204120800335,
    "w": 0.012309457104409786,
    "x": 0.0021839359378791555,
    "y": 0.0129491959144956,
    "z": 0.0008162184818336237
}